DATE,품목명,총반입량,1위산지,1위물량,2위산지,2위물량,기타물량
202609상순,양배추,2932,강원도 정선군,1167,강원도 태백시,654,1111
202608하순,양배추,3203,강원도 정선군,1287,강원도 평창군,715,1201
202608중순,양배추,3010,강원도 정선군,1024,강원도 평창군,998,988
202608상순,양배추,2299,강원도 평창군,982,강원도 정선군,766,551
202607하순,양배추,2991,강원도 평창군,1752,경상북도 청송군,534,705
202607중순,양배추,2186,강원도 평창군,887,경상북도 청송군,539,760
202607상순,양배추,2225,강원도 평창군,589,경상북도 청송군,392,1244
202606하순,양배추,2494,충청남도 서산시,660,전라남도 해남군,562,1272
202606중순,양배추,2591,전라남도 해남군,1969,전라남도 진도군,270,352
202606상순,양배추,2823,전라남도 해남군,1949,부산광역시 부산 강서구,324,550
202605하순,양배추,2584,전라남도 해남군,798,전라남도 무안군,694,1092
202605중순,양배추,2295,대구광역시 달성군,1235,경상남도 밀양시,404,656
202605상순,양배추,1409,대구광역시 달성군,629,경상남도 밀양시,453,327
202604하순,양배추,2816,제주도 제주시,1614,전라남도 무안군,1046,156
202604중순,양배추,2511,제주도 제주시,1294,전라남도 무안군,1003,214
202604상순,양배추,2933,제주도 제주시,1853,전라남도 무안군,988,92
202603하순,양배추,3052,제주도 제주시,2366,제주도 서귀포시,430,256
202603중순,양배추,3237,제주도 제주시,2576,제주도 서귀포시,622,39
202603상순,양배추,2612,제주도 제주시,1888,제주도 서귀포시,515,209
202602하순,양배추,2815,제주도 제주시,2255,전라남도 무안군,282,278
202602중순,양배추,1726,제주도 제주시,989,전라남도 무안군,544,193
202602상순,양배추,2693,제주도 제주시,1293,전라남도 무안군,1227,173
202601하순,양배추,3387,전라남도 무안군,1569,제주도 제주시,1419,399
202601중순,양배추,2799,전라남도 무안군,1815,제주도 제주시,771,213
202601상순,양배추,2398,전라남도 무안군,1702,제주도 제주시,275,421
202512하순,양배추,3220,전라남도 무안군,2278,제주도 제주시,453,489
202512중순,양배추,2732,전라남도 무안군,1856,충청남도 서산시,438,438
202512상순,양배추,2683,전라남도 무안군,1372,충청남도 서산시,939,372
202511하순,양배추,2387,충청남도 서산시,1047,전라남도 무안군,680,660
202511중순,양배추,2925,충청남도 서산시,897,강원도 정선군,693,1335
202511상순,양배추,2472,강원도 정선군,692,강원도 태백시,610,1170
202510하순,양배추,3466,강원도 태백시,859,강원도 정선군,825,1782
202510중순,양배추,2636,강원도 정선군,852,강원도 태백시,451,1333
202510상순,양배추,2246,강원도 정선군,849,강원도 태백시,375,1022
202509하순,양배추,2816,강원도 정선군,911,강원도 태백시,651,1254
202509중순,양배추,3353,강원도 정선군,1292,강원도 태백시,637,1424
202509상순,양배추,2706,강원도 정선군,1413,강원도 강릉시,384,909
202508하순,양배추,2718,강원도 정선군,1322,강원도 평창군,609,787
202508중순,양배추,2754,강원도 정선군,1004,강원도 평창군,754,996
202508상순,양배추,2239,강원도 평창군,755,강원도 정선군,598,886
202507하순,양배추,2526,강원도 평창군,1065,경상북도 청송군,397,1064
202507중순,양배추,1854,강원도 평창군,634,경상북도 청송군,385,835
202507상순,양배추,2406,충청남도 서산시,596,충청남도 태안군,466,1344
202506하순,양배추,2354,전라남도 해남군,675,충청남도 서산시,575,1104
202506중순,양배추,2963,전라남도 해남군,1607,전라남도 진도군,657,699
202506상순,양배추,2559,전라남도 해남군,1553,전라남도 진도군,435,571
202505하순,양배추,3354,전라남도 무안군,1051,전라남도 해남군,1048,1255
202505중순,양배추,2397,대구광역시 달성군,1049,경상남도 밀양시,475,873
202505상순,양배추,1428,대구광역시 달성군,544,경상남도 밀양시,533,351
202504하순,양배추,1544,제주도 제주시,918,전라남도 무안군,402,224
202504중순,양배추,2121,제주도 제주시,1440,전라남도 무안군,524,157
202504상순,양배추,2402,제주도 제주시,1828,전라남도 무안군,574,0
202503하순,양배추,2566,제주도 제주시,1888,전라남도 무안군,666,12
202503중순,양배추,2622,제주도 제주시,2019,전라남도 무안군,563,40
202503상순,양배추,2317,제주도 제주시,2055,전라남도 무안군,228,34
202502하순,양배추,2156,제주도 제주시,2126,전라남도 해남군,24,6
202502중순,양배추,2946,제주도 제주시,2637,전라남도 무안군,208,101
202502상순,양배추,2381,제주도 제주시,1953,전라남도 무안군,409,19
202501하순,양배추,1967,제주도 제주시,1374,전라남도 무안군,399,194
202501중순,양배추,2544,제주도 제주시,1663,전라남도 무안군,665,216
202501상순,양배추,2158,제주도 제주시,942,전라남도 무안군,938,278
202412하순,양배추,2746,전라남도 무안군,1796,제주도 제주시,451,499
202412중순,양배추,2359,전라남도 무안군,1764,전라남도 해남군,194,401
202412상순,양배추,2126,전라남도 무안군,1258,충청남도 서산시,354,514
202411하순,양배추,2506,전라남도 무안군,1214,충청남도 서산시,751,541
202411중순,양배추,2711,충청남도 서산시,969,전라남도 무안군,873,869
202411상순,양배추,2520,충청남도 서산시,892,강원도 정선군,575,1053
202410하순,양배추,3128,충청남도 서산시,892,강원도 정선군,729,1507
202410중순,양배추,2784,강원도 정선군,1140,충청남도 서산시,444,1200
202410상순,양배추,2945,강원도 정선군,984,강원도 강릉시,517,1444
202409하순,양배추,2891,강원도 정선군,895,강원도 강릉시,606,1390
202409중순,양배추,1856,강원도 정선군,533,강원도 강릉시,326,997
202409상순,양배추,3008,강원도 정선군,893,강원도 평창군,675,1440
202408하순,양배추,3169,강원도 정선군,1096,강원도 평창군,714,1359
202408중순,양배추,2477,강원도 정선군,853,강원도 평창군,749,875
202408상순,양배추,2643,강원도 평창군,681,강원도 정선군,577,1385
202407하순,양배추,2540,강원도 평창군,848,경상북도 청송군,431,1261
202407중순,양배추,2341,강원도 평창군,1104,경상북도 청송군,455,782
202407상순,양배추,2690,강원도 평창군,744,경상북도 청송군,483,1463
202406하순,양배추,2558,전라남도 해남군,680,충청남도 서산시,675,1203
202406중순,양배추,2899,전라남도 해남군,1527,전라남도 진도군,494,878
202406상순,양배추,2762,전라남도 해남군,1831,전라남도 진도군,512,419
202405하순,양배추,2507,전라남도 해남군,986,전라남도 무안군,401,1120
202405중순,양배추,2129,대구광역시 달성군,1005,경상남도 밀양시,335,789
202405상순,양배추,1314,대구광역시 달성군,697,경상남도 밀양시,444,173
202404하순,양배추,302,전라남도 무안군,124,경상남도 밀양시,109,69
202404중순,양배추,1727,제주도 제주시,982,전라남도 무안군,713,32
202404상순,양배추,2744,제주도 제주시,1781,전라남도 무안군,780,183
202403하순,양배추,2484,제주도 제주시,2004,전라남도 무안군,457,23
202403중순,양배추,2943,제주도 제주시,2676,전라남도 해남군,132,135
202403상순,양배추,2296,제주도 제주시,2109,전라남도 해남군,84,103
202402하순,양배추,2658,제주도 제주시,2409,전라남도 해남군,111,138
202402중순,양배추,2092,제주도 제주시,1654,전라남도 무안군,324,114
202402상순,양배추,2540,제주도 제주시,1340,전라남도 무안군,933,267
202401하순,양배추,3000,전라남도 무안군,1441,제주도 제주시,1309,250
202401중순,양배추,2850,전라남도 무안군,1972,제주도 제주시,543,335
202401상순,양배추,2590,전라남도 무안군,1865,제주도 제주시,372,353
202312하순,양배추,2776,전라남도 무안군,1450,제주도 제주시,875,451
202312중순,양배추,2243,전라남도 무안군,1538,전라남도 해남군,311,394
202312상순,양배추,1961,전라남도 무안군,1140,충청남도 서산시,410,411
202311하순,양배추,2725,전라남도 무안군,1185,충청남도 서산시,1144,396
202311중순,양배추,2461,충청남도 서산시,1030,전라남도 무안군,1029,402
202311상순,양배추,3060,충청남도 서산시,1364,전라남도 무안군,1174,522
202310하순,양배추,3125,충청남도 서산시,1268,전라남도 무안군,838,1019
202310중순,양배추,2625,강원도 정선군,966,충청남도 서산시,511,1148
202310상순,양배추,2418,강원도 정선군,1060,강원도 삼척시,367,991
202309하순,양배추,1802,강원도 정선군,888,강원도 평창군,232,682
202309중순,양배추,2673,강원도 정선군,1180,강원도 평창군,538,955
202309상순,양배추,2497,강원도 정선군,1123,강원도 평창군,449,925
202308하순,양배추,2985,강원도 정선군,1547,강원도 평창군,534,904
202308중순,양배추,2509,강원도 정선군,1244,강원도 평창군,664,601
202308상순,양배추,2715,강원도 정선군,1173,강원도 평창군,837,705
202307하순,양배추,2861,강원도 정선군,940,강원도 평창군,739,1182
202307중순,양배추,2667,강원도 평창군,1016,경상북도 청송군,602,1049
202307상순,양배추,2605,경상북도 청송군,691,충청남도 당진시,347,1567
202306하순,양배추,2521,충청남도 서산시,627,충청남도 당진시,606,1288
202306중순,양배추,2260,전라남도 해남군,1238,전라남도 진도군,539,483
202306상순,양배추,2639,전라남도 해남군,1726,전라남도 진도군,649,264
202305하순,양배추,2825,전라남도 해남군,1242,대구광역시 달성군,454,1129
202305중순,양배추,2199,대구광역시 달성군,865,경상남도 밀양시,605,729
202305상순,양배추,1511,제주도 제주시,620,경상남도 밀양시,467,424
202304하순,양배추,1940,제주도 제주시,1231,전라남도 무안군,707,2
202304중순,양배추,2515,제주도 제주시,1415,전라남도 무안군,1100,0
202304상순,양배추,2379,전라남도 무안군,1267,제주도 제주시,1112,0
202303하순,양배추,2868,제주도 제주시,1939,전라남도 무안군,929,0
202303중순,양배추,2413,제주도 제주시,2106,전라남도 무안군,307,0
202303상순,양배추,2717,제주도 제주시,2512,전라남도 무안군,168,37
202302하순,양배추,2017,제주도 제주시,1779,전라남도 무안군,227,11
202302중순,양배추,2255,제주도 제주시,1534,전라남도 무안군,578,143
202302상순,양배추,3003,제주도 제주시,1524,전라남도 무안군,1263,216
202301하순,양배추,1249,제주도 제주시,643,전라남도 무안군,581,25
202301중순,양배추,2631,전라남도 무안군,1616,제주도 제주시,573,442
202301상순,양배추,2207,전라남도 무안군,1469,전라남도 해남군,319,419
202212하순,양배추,2344,전라남도 무안군,1466,전라남도 해남군,413,465
202212중순,양배추,1805,전라남도 무안군,954,충청남도 서산시,406,445
202212상순,양배추,2441,전라남도 무안군,1185,충청남도 서산시,1072,184
202211하순,양배추,2546,충청남도 서산시,1432,전라남도 무안군,788,326
202211중순,양배추,2291,충청남도 서산시,1343,전라남도 무안군,484,464
202211상순,양배추,2438,충청남도 서산시,1400,강원도 정선군,292,746
202210하순,양배추,2792,강원도 정선군,772,충청남도 서산시,769,1251
202210중순,양배추,2736,강원도 정선군,955,강원도 평창군,384,1397
202210상순,양배추,1923,강원도 정선군,894,강원도 홍천군,265,764
202209하순,양배추,2464,강원도 정선군,740,강원도 평창군,603,1121
202209중순,양배추,2251,강원도 정선군,830,강원도 평창군,421,1000
202209상순,양배추,2181,강원도 정선군,946,강원도 평창군,356,879
202208하순,양배추,3158,강원도 정선군,1025,강원도 평창군,685,1448
202208중순,양배추,2669,강원도 정선군,1304,강원도 평창군,582,783
202208상순,양배추,2382,강원도 정선군,879,강원도 평창군,781,722
202207하순,양배추,2699,강원도 평창군,1142,강원도 정선군,601,956
202207중순,양배추,2506,강원도 평창군,978,경상북도 청송군,378,1150
202207상순,양배추,1892,충청남도 당진시,467,충청북도 청주시,379,1046
202206하순,양배추,2050,충청남도 서산시,640,전라남도 해남군,378,1032
202206중순,양배추,2153,전라남도 해남군,1387,전라남도 진도군,460,306
202206상순,양배추,2518,전라남도 해남군,1439,전라남도 진도군,556,523
202205하순,양배추,3022,전라남도 해남군,985,전라남도 무안군,408,1629
202205중순,양배추,2067,대구광역시 달성군,640,경상남도 밀양시,610,817
202205상순,양배추,1737,경상남도 밀양시,754,제주도 제주시,612,371
202204하순,양배추,1880,제주도 제주시,1341,전라남도 무안군,512,27
202204중순,양배추,2310,제주도 제주시,1696,전라남도 무안군,579,35
202204상순,양배추,1960,제주도 제주시,1527,전라남도 무안군,433,0
202203하순,양배추,2483,제주도 제주시,2280,전라남도 무안군,200,3
202203중순,양배추,2254,제주도 제주시,2210,전라남도 신안군,31,13
202203상순,양배추,2450,제주도 제주시,2412,전라남도 신안군,22,16
202202하순,양배추,1437,제주도 제주시,1219,전라남도 무안군,215,3
202202중순,양배추,2357,제주도 제주시,1705,전라남도 무안군,644,8
202202상순,양배추,1690,제주도 제주시,920,전라남도 무안군,768,2
202201하순,양배추,2547,전라남도 무안군,1299,제주도 제주시,1137,111
202201중순,양배추,2617,전라남도 무안군,1830,제주도 제주시,651,136
202201상순,양배추,2298,전라남도 무안군,1388,제주도 제주시,701,209
202112하순,양배추,2431,전라남도 무안군,1626,제주도 제주시,369,436
202112중순,양배추,1983,전라남도 무안군,1328,충청남도 서산시,313,342
202112상순,양배추,2409,충청남도 서산시,1417,전라남도 무안군,767,225
202111하순,양배추,2280,충청남도 서산시,1501,전라남도 무안군,637,142
202111중순,양배추,2566,충청남도 서산시,1661,전라남도 무안군,648,257
202111상순,양배추,2457,충청남도 서산시,1473,전라남도 무안군,351,633
202110하순,양배추,2474,충청남도 서산시,1121,강원도 정선군,512,841
202110중순,양배추,2202,강원도 정선군,869,충청남도 서산시,611,722
202110상순,양배추,1954,강원도 정선군,777,강원도 홍천군,313,864
202109하순,양배추,1943,강원도 정선군,559,강원도 평창군,376,1008
202109중순,양배추,2210,강원도 정선군,697,강원도 평창군,373,1140
202109상순,양배추,2494,강원도 정선군,841,강원도 평창군,697,956
202108하순,양배추,2659,강원도 정선군,1353,강원도 평창군,720,586
202108중순,양배추,2602,강원도 평창군,1048,강원도 정선군,973,581
202108상순,양배추,2207,강원도 평창군,800,강원도 정선군,799,608
202107하순,양배추,2327,강원도 평창군,999,경상북도 영양군,345,983
202107중순,양배추,1891,강원도 평창군,800,경상북도 청송군,324,767
202107상순,양배추,2540,충청남도 서산시,626,충청남도 당진시,289,1625
202106하순,양배추,2360,충청남도 서산시,737,전라남도 해남군,615,1008
202106중순,양배추,1804,전라남도 해남군,1114,전라남도 진도군,363,327
202106상순,양배추,2345,전라남도 해남군,1379,전라남도 진도군,419,547
202105하순,양배추,1981,전라남도 해남군,559,대구광역시 달성군,354,1068
202105중순,양배추,1809,대구광역시 달성군,936,경상남도 밀양시,368,505
202105상순,양배추,1509,경상남도 밀양시,584,대구광역시 달성군,573,352
202104하순,양배추,1680,제주도 제주시,1182,전라남도 무안군,293,205
202104중순,양배추,2380,제주도 제주시,1436,전라남도 무안군,905,39
202104상순,양배추,2336,제주도 제주시,1533,전라남도 무안군,772,31
202103하순,양배추,2240,제주도 제주시,1511,전라남도 무안군,600,129
202103중순,양배추,2819,제주도 제주시,2498,전라남도 무안군,240,81
202103상순,양배추,2890,제주도 제주시,2547,전라남도 무안군,215,128
202102하순,양배추,2210,제주도 제주시,1681,전라남도 무안군,401,128
202102중순,양배추,1672,제주도 제주시,1224,전라남도 무안군,345,103
202102상순,양배추,3297,제주도 제주시,2115,전라남도 무안군,879,303
202101하순,양배추,2638,전라남도 무안군,1314,제주도 제주시,1086,238
202101중순,양배추,3335,전라남도 무안군,1661,제주도 제주시,1374,300
202101상순,양배추,1808,전라남도 무안군,1189,제주도 제주시,408,211
202012하순,양배추,3137,전라남도 무안군,2192,전라남도 신안군,241,704
202012중순,양배추,1977,전라남도 무안군,1015,충청남도 서산시,603,359
202012상순,양배추,2805,충청남도 서산시,1368,전라남도 무안군,840,597
202011하순,양배추,2527,충청남도 서산시,1230,전라남도 무안군,730,567
202011중순,양배추,2582,충청남도 서산시,1377,전라남도 무안군,809,396
202011상순,양배추,2529,충청남도 서산시,1074,전라남도 무안군,415,1040
202010하순,양배추,2856,충청남도 서산시,781,강원도 정선군,661,1414
202010중순,양배추,2487,강원도 정선군,647,충청남도 서산시,330,1510
202010상순,양배추,1807,강원도 정선군,584,강원도 평창군,368,855
202009하순,양배추,2835,강원도 정선군,876,강원도 평창군,520,1439
202009중순,양배추,2470,강원도 평창군,779,강원도 정선군,739,952
202009상순,양배추,2462,강원도 정선군,749,강원도 평창군,736,977
202008하순,양배추,2496,강원도 평창군,1117,강원도 정선군,538,841
202008중순,양배추,2540,강원도 평창군,1045,강원도 정선군,989,506
202008상순,양배추,1868,강원도 정선군,841,강원도 평창군,753,274
202007하순,양배추,2479,강원도 평창군,1078,강원도 정선군,444,957
202007중순,양배추,1925,경상북도 청송군,745,강원도 평창군,343,837
202007상순,양배추,2427,충청남도 당진시,661,충청남도 서산시,585,1181
202006하순,양배추,2355,충청남도 서산시,912,전라남도 해남군,429,1014
