DATE,품목명,단위,등급명,평균가격,전년,평년
202609상순,양배추,8키로망대,상,4527,8078,8159
202608하순,양배추,8키로망대,상,3929,6648,6409
202608중순,양배추,8키로망대,상,4786,5939,6783
202608상순,양배추,8키로망대,상,4877,8280,8592
202607하순,양배추,8키로망대,상,4653,8032,6461
202607중순,양배추,8키로망대,상,5711,8152,5585
202607상순,양배추,8키로망대,상,5635,4613,4849
202606하순,양배추,8키로망대,상,3827,4930,5465
202606중순,양배추,8키로망대,상,3825,4154,5060
202606상순,양배추,8키로망대,상,3687,4333,5140
202605하순,양배추,8키로망대,상,3534,5252,6675
202605중순,양배추,8키로망대,상,4212,8512,9499
202605상순,양배추,8키로망대,상,3258,12858,10259
202604하순,양배추,8키로망대,상,3489,14081,10760
202604중순,양배추,8키로망대,상,2685,13521,9788
202604상순,양배추,8키로망대,상,3727,12114,8959
202603하순,양배추,8키로망대,상,4026,10959,8278
202603중순,양배추,8키로망대,상,4176,12212,6645
202603상순,양배추,8키로망대,상,6912,18098,7191
202602하순,양배추,8키로망대,상,7991,16113,5905
202602중순,양배추,8키로망대,상,8600,12883,6190
202602상순,양배추,8키로망대,상,7616,15914,5932
202601하순,양배추,8키로망대,상,6403,13643,6826
202601중순,양배추,8키로망대,상,6211,11053,6286
202601상순,양배추,8키로망대,상,6936,14461,6386
202512하순,양배추,8키로망대,상,6022,11578,6974
202512중순,양배추,8키로망대,상,6105,10941,5934
202512상순,양배추,8키로망대,상,7193,9362,4973
202511하순,양배추,8키로망대,상,7242,10639,4935
202511중순,양배추,8키로망대,상,6323,9840,6949
202511상순,양배추,8키로망대,상,4560,11653,9572
202510하순,양배추,8키로망대,상,4671,11830,9976
202510중순,양배추,8키로망대,상,4142,10482,10703
202510상순,양배추,8키로망대,상,5119,8839,10730
202509하순,양배추,8키로망대,상,5638,7331,9431
202509중순,양배추,8키로망대,상,6810,10794,9499
202509상순,양배추,8키로망대,상,8078,6459,8932
202508하순,양배추,8키로망대,상,6648,6998,7196
202508중순,양배추,8키로망대,상,5939,7457,7378
202508상순,양배추,8키로망대,상,8280,8602,7984
202507하순,양배추,8키로망대,상,8032,5197,5789
202507중순,양배추,8키로망대,상,8152,4199,4134
202507상순,양배추,8키로망대,상,4613,4273,4736
202506하순,양배추,8키로망대,상,4930,5084,5406
202506중순,양배추,8키로망대,상,4154,5361,5060
202506상순,양배추,8키로망대,상,4333,8587,4877
202505하순,양배추,8키로망대,상,5252,16878,6675
202505중순,양배추,8키로망대,상,8512,16085,8768
202505상순,양배추,8키로망대,상,12858,17059,10010
202504하순,양배추,8키로망대,상,14081,18470,10860
202504중순,양배추,8키로망대,상,13521,19345,10358
202504상순,양배추,8키로망대,상,12114,14034,9022
202503하순,양배추,8키로망대,상,10959,11800,8266
202503중순,양배추,8키로망대,상,12212,7845,6645
202503상순,양배추,8키로망대,상,18098,7837,7191
202502하순,양배추,8키로망대,상,16113,5550,5905
202502중순,양배추,8키로망대,상,12883,6023,6190
202502상순,양배추,8키로망대,상,15914,6122,5932
202501하순,양배추,8키로망대,상,13643,5335,6826
202501중순,양배추,8키로망대,상,11053,4934,6286
202501상순,양배추,8키로망대,상,14461,4593,6386
202412하순,양배추,8키로망대,상,11578,7143,6974
202412중순,양배추,8키로망대,상,10941,5944,5934
202412상순,양배추,8키로망대,상,9362,5422,4973
202411하순,양배추,8키로망대,상,10639,4541,4935
202411중순,양배추,8키로망대,상,9840,5461,6462
202411상순,양배추,8키로망대,상,11653,9148,8342
202410하순,양배추,8키로망대,상,11830,9833,8453
202410중순,양배추,8키로망대,상,10482,11855,9285
202410상순,양배추,8키로망대,상,8839,12045,9646
202409하순,양배추,8키로망대,상,7331,13050,8305
202409중순,양배추,8키로망대,상,10794,10434,7336
202409상순,양배추,8키로망대,상,6459,9941,8035
202408하순,양배추,8키로망대,상,6998,10083,6292
202408중순,양배추,8키로망대,상,7457,8167,6325
202408상순,양배추,8키로망대,상,8602,10755,6881
202407하순,양배추,8키로망대,상,5197,6272,5578
202407중순,양배추,8키로망대,상,4199,4405,4102
202407상순,양배추,8키로망대,상,4273,5039,4972
202406하순,양배추,8키로망대,상,5084,10096,5341
202406중순,양배추,8키로망대,상,5361,8831,4707
202406상순,양배추,8키로망대,상,8587,6218,4183
202405하순,양배추,8키로망대,상,16878,7378,5994
202405중순,양배추,8키로망대,상,16085,10021,7274
202405상순,양배추,8키로망대,상,17059,8294,7237
202404하순,양배추,8키로망대,상,18470,7951,7360
202404중순,양배추,8키로망대,상,19345,6697,6493
202404상순,양배추,8키로망대,상,14034,6172,6256
202403하순,양배추,8키로망대,상,11800,6141,6338
202403중순,양배추,8키로망대,상,7845,5047,5223
202403상순,양배추,8키로망대,상,7837,6092,6052
202402하순,양배추,8키로망대,상,5550,6062,5667
202402중순,양배추,8키로망대,상,6023,6563,5811
202402상순,양배추,8키로망대,상,6122,5427,5491
202401하순,양배추,8키로망대,상,5335,7553,6706
202401중순,양배추,8키로망대,상,4934,5174,6029
202401상순,양배추,8키로망대,상,4593,4821,6296
202312하순,양배추,8키로망대,상,7143,7425,6181
202312중순,양배추,8키로망대,상,5944,5128,5499
202312상순,양배추,8키로망대,상,5422,4550,4668
202311하순,양배추,8키로망대,상,4541,4557,4926
202311중순,양배추,8키로망대,상,5461,5547,6418
202311상순,양배추,8키로망대,상,9148,7916,7682
202310하순,양배추,8키로망대,상,9833,8264,7639
202310중순,양배추,8키로망대,상,11855,9772,8381
202310상순,양배추,8키로망대,상,12045,11305,8704
202309하순,양배추,8키로망대,상,13050,7911,7033
202309중순,양배추,8키로망대,상,10434,7268,6329
202309상순,양배추,8키로망대,상,9941,10396,7984
202308하순,양배추,8키로망대,상,10083,5580,6292
202308중순,양배추,8키로망대,상,8167,6952,6325
202308상순,양배추,8키로망대,상,10755,8892,6881
202307하순,양배추,8키로망대,상,6272,7212,5891
202307중순,양배추,8키로망대,상,4405,9698,4443
202307상순,양배추,8키로망대,상,5039,6931,4683
202306하순,양배추,8키로망대,상,10096,6381,4548
202306중순,양배추,8키로망대,상,8831,5001,4471
202306상순,양배추,8키로망대,상,6218,4869,3683
202305하순,양배추,8키로망대,상,7378,7083,5393
202305중순,양배추,8키로망대,상,10021,9966,5718
202305상순,양배추,8키로망대,상,8294,9624,5812
202304하순,양배추,8키로망대,상,7951,10250,6118
202304중순,양배추,8키로망대,상,6697,9147,5667
202304상순,양배추,8키로망대,상,6172,8592,5841
202303하순,양배추,8키로망대,상,6141,7735,6011
202303중순,양배추,8키로망대,상,5047,7042,5635
202303상순,양배추,8키로망대,상,6092,7645,6074
202302하순,양배추,8키로망대,상,6062,6103,5742
202302중순,양배추,8키로망대,상,6563,4888,6102
202302상순,양배추,8키로망대,상,5427,4799,6219
202301하순,양배추,8키로망대,상,7553,4974,6471
202301중순,양배추,8키로망대,상,5174,4163,6803
202301상순,양배추,8키로망대,상,4821,3940,7068
202212하순,양배추,8키로망대,상,7425,4764,6109
202212중순,양배추,8키로망대,상,5128,3796,6218
202212상순,양배추,8키로망대,상,4550,4043,5135
202211하순,양배추,8키로망대,상,4557,4517,5333
202211중순,양배추,8키로망대,상,5547,4845,6379
202211상순,양배추,8키로망대,상,7916,5249,7024
202210하순,양배추,8키로망대,상,8264,4802,6548
202210중순,양배추,8키로망대,상,9772,4527,7300
202210상순,양배추,8키로망대,상,11305,3100,9952
202209하순,양배추,8키로망대,상,7911,3058,8155
202209중순,양배추,8키로망대,상,7268,4306,7239
202209상순,양배추,8키로망대,상,10396,3767,7891
202208하순,양배추,8키로망대,상,5580,4286,7335
202208중순,양배추,8키로망대,상,6952,4299,7485
202208상순,양배추,8키로망대,상,8892,6459,7027
202207하순,양배추,8키로망대,상,7212,5899,5532
202207중순,양배추,8키로망대,상,9698,3797,3792
202207상순,양배추,8키로망대,상,6931,4896,4075
202206하순,양배추,8키로망대,상,6381,4752,4142
202206중순,양배추,8키로망대,상,5001,4820,3979
202206상순,양배추,8키로망대,상,4869,3370,3353
202205하순,양배추,8키로망대,상,7083,5564,5078
202205중순,양배추,8키로망대,상,9966,5300,4916
202205상순,양배추,8키로망대,상,9624,3356,3723
202204하순,양배추,8키로망대,상,10250,3147,3867
202204중순,양배추,8키로망대,상,9147,3634,3679
202204상순,양배추,8키로망대,상,8592,4005,4687
202203하순,양배추,8키로망대,상,7735,5137,5943
202203중순,양배추,8키로망대,상,7042,3578,6140
202203상순,양배추,8키로망대,상,7645,4040,6359
202202하순,양배추,8키로망대,상,6103,4836,6776
202202중순,양배추,8키로망대,상,4888,5982,7967
202202상순,양배추,8키로망대,상,4799,6247,7674
202201하순,양배추,8키로망대,상,4974,7590,8226
202201중순,양배추,8키로망대,상,4163,8750,8459
202201상순,양배추,8키로망대,상,3940,9744,9065
202112하순,양배추,8키로망대,상,4764,6355,8063
202112중순,양배추,8키로망대,상,3796,6728,8138
202112상순,양배추,8키로망대,상,4043,4947,6713
202111하순,양배추,8키로망대,상,4517,5706,6534
202111중순,양배추,8키로망대,상,4845,10221,8010
202111상순,양배추,8키로망대,상,5249,12127,8603
202110하순,양배추,8키로망대,상,4802,11891,8349
202110중순,양배추,8키로망대,상,4527,14065,8364
202110상순,양배추,8키로망대,상,3100,17474,11096
202109하순,양배추,8키로망대,상,3058,13846,9418
202109중순,양배추,8키로망대,상,4306,12525,9029
202109상순,양배추,8키로망대,상,3767,10535,9184
202108하순,양배추,8키로망대,상,4286,9010,8502
202108중순,양배추,8키로망대,상,4299,7724,7527
202108상순,양배추,8키로망대,상,6459,5293,6246
202107하순,양배추,8키로망대,상,5899,4563,4769
202107중순,양배추,8키로망대,상,3797,3475,4002
202107상순,양배추,8키로망대,상,4896,3155,4103
202106하순,양배추,8키로망대,상,4752,4004,4188
202106중순,양배추,8키로망대,상,4820,4299,3979
202106상순,양배추,8키로망대,상,3370,3544,3608
202105하순,양배추,8키로망대,상,5564,5280,5078
202105중순,양배추,8키로망대,상,5300,6316,5255
202105상순,양배추,8키로망대,상,3356,12113,6237
202104하순,양배추,8키로망대,상,3147,14379,6443
202104중순,양배추,8키로망대,상,3634,15229,5701
202104상순,양배추,8키로망대,상,4005,12301,6247
202103하순,양배추,8키로망대,상,5137,10922,6511
202103중순,양배추,8키로망대,상,3578,9229,6996
202103상순,양배추,8키로망대,상,4040,8500,6995
202102하순,양배추,8키로망대,상,4836,9206,6709
202102중순,양배추,8키로망대,상,5982,10485,7733
202102상순,양배추,8키로망대,상,6247,9166,7833
202101하순,양배추,8키로망대,상,7590,10238,7746
202101중순,양배추,8키로망대,상,8750,10092,6937
202101상순,양배추,8키로망대,상,9744,12443,7258
202012하순,양배추,8키로망대,상,6355,10627,7196
202012중순,양배추,8키로망대,상,6728,10401,7443
202012상순,양배추,8키로망대,상,4947,9242,6567
202011하순,양배추,8키로망대,상,5706,8120,5956
202011중순,양배추,8키로망대,상,10221,8379,6379
202011상순,양배추,8키로망대,상,12127,7964,7024
202010하순,양배추,8키로망대,상,11891,7260,6548
202010중순,양배추,8키로망대,상,14065,6228,7300
202010상순,양배추,8키로망대,상,17474,5589,7943
202009하순,양배추,8키로망대,상,13846,3956,7466
202009중순,양배추,8키로망대,상,12525,2708,7411
202009상순,양배추,8키로망대,상,10535,2522,8049
202008하순,양배추,8키로망대,상,9010,2323,7578
202008중순,양배추,8키로망대,상,7724,3090,7267
202008상순,양배추,8키로망대,상,5293,4114,6499
202007하순,양배추,8키로망대,상,4563,3559,5161
202007중순,양배추,8키로망대,상,3475,4103,4653
202007상순,양배추,8키로망대,상,3155,4980,4974
202006하순,양배추,8키로망대,상,4004,4889,4591
202006중순,양배추,8키로망대,상,4299,4295,4193
202006상순,양배추,8키로망대,상,3544,4136,4239
202005하순,양배추,8키로망대,상,5280,5337,6959
202005중순,양배추,8키로망대,상,6316,5539,5925
202005상순,양배추,8키로망대,상,12113,3793,4652
202004하순,양배추,8키로망대,상,14379,3879,4377
202004중순,양배추,8키로망대,상,15229,2744,4053
202004상순,양배추,8키로망대,상,12301,3182,5146
202003하순,양배추,8키로망대,상,10922,3055,5851
202003중순,양배추,8키로망대,상,9229,3101,5874
202003상순,양배추,8키로망대,상,8500,4420,5924
202002하순,양배추,8키로망대,상,9206,2965,5649
202002중순,양배추,8키로망대,상,10485,3260,5965
202002상순,양배추,8키로망대,상,9166,4240,6195
202001하순,양배추,8키로망대,상,10238,4266,5764
202001중순,양배추,8키로망대,상,10092,3909,5261
202001상순,양배추,8키로망대,상,12443,4323,5118
201912하순,양배추,8키로망대,상,10627,3754,4998
201912중순,양배추,8키로망대,상,10401,4641,5330
201912상순,양배추,8키로망대,상,9242,4509,4968
201911하순,양배추,8키로망대,상,8120,3971,4471
201911중순,양배추,8키로망대,상,8379,5330,4626
201911상순,양배추,8키로망대,상,7964,7165,5463
201910하순,양배추,8키로망대,상,7260,7393,5415
201910중순,양배추,8키로망대,상,6228,9141,6496
201910상순,양배추,8키로망대,상,5589,9218,7565
201909하순,양배추,8키로망대,상,3956,9233,7466
201909중순,양배추,8키로망대,상,2708,7411,7411
201909상순,양배추,8키로망대,상,2522,9788,8049
201908하순,양배추,8키로망대,상,2323,9944,7578
201908중순,양배추,8키로망대,상,3090,13947,7267
201908상순,양배추,8키로망대,상,4114,16991,6394
201907하순,양배추,8키로망대,상,3559,12962,5338
201907중순,양배추,8키로망대,상,4103,5430,4570
201907상순,양배추,8키로망대,상,4980,4173,4982
201906하순,양배추,8키로망대,상,4889,3671,4148
201906중순,양배추,8키로망대,상,4295,3342,3935
201906상순,양배추,8키로망대,상,4136,3127,3903
201905하순,양배추,8키로망대,상,5337,4619,6358
201905중순,양배추,8키로망대,상,5539,3909,5309
201905상순,양배추,8키로망대,상,3793,4019,4487
201904하순,양배추,8키로망대,상,3879,4226,4249
201904중순,양배추,8키로망대,상,2744,4220,4053
201904상순,양배추,8키로망대,상,3182,4927,5146
201903하순,양배추,8키로망대,상,3055,5161,5851
201903중순,양배추,8키로망대,상,3101,6285,5874
201903상순,양배추,8키로망대,상,4420,6157,5924
201902하순,양배추,8키로망대,상,2965,6285,5649
201902중순,양배추,8키로망대,상,3260,7434,5965
201902상순,양배추,8키로망대,상,4240,7610,6195
201901하순,양배추,8키로망대,상,4266,6849,5764
201901중순,양배추,8키로망대,상,3909,7496,5261
201901상순,양배추,8키로망대,상,4323,7136,4905
201812하순,양배추,8키로망대,상,3754,7208,4978
201812중순,양배추,8키로망대,상,4641,7286,5176
201812상순,양배추,8키로망대,상,4509,5950,4735
201811하순,양배추,8키로망대,상,3971,5778,4528
201811중순,양배추,8키로망대,상,5330,5429,4081
201811상순,양배추,8키로망대,상,7165,5942,4398
201810하순,양배추,8키로망대,상,7393,4990,4128
201810중순,양배추,8키로망대,상,9141,6529,4656
201810상순,양배추,8키로망대,상,9218,15050,5808
201809하순,양배추,8키로망대,상,9233,11278,6020
201809중순,양배추,8키로망대,상,7411,10000,7527
201809상순,양배추,8키로망대,상,9788,10119,7131
201808하순,양배추,8키로망대,상,9944,8708,7578
201808중순,양배추,8키로망대,상,13947,10432,7267
201808상순,양배추,8키로망대,상,16991,9329,6307
201807하순,양배추,8키로망대,상,12962,6135,5338
201807중순,양배추,8키로망대,상,5430,3453,4078
201807상순,양배추,8키로망대,상,4173,3022,5196
201806하순,양배추,8키로망대,상,3671,3003,4177
201806중순,양배추,8키로망대,상,3342,3223,4304
201806상순,양배추,8키로망대,상,3127,3144,4212
201805하순,양배추,8키로망대,상,4619,3504,6641
201805중순,양배추,8키로망대,상,3909,2710,6331
201805상순,양배추,8키로망대,상,4019,3297,5085
201804하순,양배추,8키로망대,상,4226,3497,4469
201804중순,양배추,8키로망대,상,4220,3184,4234
201804상순,양배추,8키로망대,상,4927,5129,5218
201803하순,양배추,8키로망대,상,5161,7532,5879
201803중순,양배추,8키로망대,상,6285,8556,5677
201803상순,양배추,8키로망대,상,6157,10113,6108
201802하순,양배추,8키로망대,상,6285,12709,6285
201802중순,양배추,8키로망대,상,7434,10493,6602
201802상순,양배추,8키로망대,상,7610,11383,6481
201801하순,양배추,8키로망대,상,6849,12318,6288
201801중순,양배추,8키로망대,상,7496,9131,5684
201801상순,양배추,8키로망대,상,7136,10314,5770
